Xi,fb_core,eta,f_r,f_rho,eps,converged,nodes,method,valid
0.0,0.0,0.1,1.0000011425933002,1.000002262916851,-0.6406727528341095,1,0,direct,1
0.0,0.0,0.3,1.0000011425933002,1.000002262916851,-0.6406727528341095,1,0,direct,1
0.0,0.0,0.5,1.0000011425933002,1.000002262916851,-0.6406727528341095,1,0,direct,1
0.0,0.0,1.0,1.0000011425933002,1.000002262916851,-0.6406727528341095,1,0,direct,1
0.0,0.0,1.5,1.0000011425933002,1.000002262916851,-0.6406727528341095,1,0,direct,1
0.0,0.0,2.0,1.0000011425933002,1.000002262916851,-0.6406727528341095,1,0,direct,1
0.0,0.0,5.0,1.0000011425933002,1.000002262916851,-0.6406727528341095,1,0,direct,1
0.0,0.05,0.1,0.9528973087812103,1.0693440975283746,-0.6184034625085036,1,0,direct,1
0.0,0.05,0.3,0.96590064037194,1.060183453355871,-0.6289804815959517,1,0,direct,1
0.0,0.05,0.5,0.9718955643727442,1.0572335702090738,-0.6369375111270984,1,0,direct,1
0.0,0.05,1.0,0.9759108444742693,1.063571167260759,-0.6592153853248504,1,0,direct,1
0.0,0.05,1.5,0.9753241092946777,1.0768703082771018,-0.6959575705095705,1,0,direct,1
0.0,0.05,2.0,0.9739278612013978,1.0905102952681878,-0.7524224497157317,1,0,direct,1
0.0,0.05,5.0,0.9689652101443246,1.1340640321285729,-1.5288070490051822,1,0,continuation,1
0.0,0.1,0.1,0.9063401603370402,1.1470693767871525,-0.5978846156542111,1,0,direct,1
0.0,0.1,0.3,0.9328503278795115,1.1259360651734411,-0.6189074002353847,1,0,direct,1
0.0,0.1,0.5,0.9448935077507514,1.1188922827062686,-0.6349427132079022,1,0,direct,1
0.0,0.1,1.0,0.9531183836419973,1.1309215518080125,-0.6806581694690553,1,0,direct,1
0.0,0.1,1.5,0.9523517948048963,1.157180027899856,-0.7563185626553036,1,0,direct,1
0.0,0.1,2.0,0.950061127197163,1.1834806152864754,-0.87202867157311,1,0,direct,1
0.0,0.1,5.0,0.9422020039985418,1.260750322230245,-2.4377700277651315,1,0,continuation,1
0.0,0.15,0.1,0.860836178361899,1.2344176254401968,-0.579260579007348,1,0,direct,1
0.0,0.15,0.3,0.900997541768562,1.1977777820429887,-0.6105527397205243,1,0,direct,1
0.0,0.15,0.5,0.9190324627086849,1.1852306543668214,-0.6347626268795189,1,0,direct,1
0.0,0.15,1.0,0.93157173682498,1.2019933153976885,-0.7049994473671278,1,0,direct,1
0.0,0.15,1.5,0.9309624657144057,1.240580871114579,-0.8214898156317079,1,0,direct,1
0.0,0.15,2.0,0.9281535555649398,1.278367878208193,-0.9986430343139041,1,0,direct,1
0.0,0.15,5.0,0.9187265427496987,1.3823946723749123,-3.3613136316184637,1,0,continuation,1
0.0,0.2,0.1,0.8168505400662899,1.3328037717259686,-0.562685812820931,1,0,direct,1
0.0,0.2,0.3,0.8704552169721209,1.276241555719657,-0.6040148735770556,1,0,direct,1
0.0,0.2,0.5,0.8943273384444331,1.2564863423088033,-0.6364644717735276,1,0,direct,1
0.0,0.2,1.0,0.91121995007064,1.2766882895435787,-0.7322123771467096,1,0,direct,1
0.0,0.2,1.5,0.9110303201416841,1.3267145515893166,-0.891176254298009,1,0,direct,1
0.0,0.2,2.0,0.9080021580553344,1.3747276941487225,-1.1314795346326132,1,0,direct,1
0.0,0.2,5.0,0.8978642317337402,1.5001732907049108,-4.295748366393512,1,0,continuation,1
0.0,0.3,0.1,0.7349138190855189,1.5692724574038592,-0.5363411505206853,1,0,direct,1
0.0,0.3,0.3,0.8135684068864771,1.45523321471694,-0.5967661516062212,1,0,direct,1
0.0,0.3,0.5,0.8483855399593959,1.414585203249658,-0.6457376441452611,1,0,direct,1
0.0,0.3,1.0,0.8738462667081677,1.4364356295523073,-0.7950347650492797,1,0,direct,1
0.0,0.3,1.5,0.8750656964517425,1.5058641102253985,-1.0428610661464115,1,0,direct,1
0.0,0.3,2.0,0.8722142984338427,1.570475811503426,-1.4130668942735771,1,0,continuation,1
0.0,0.3,5.0,0.8621677271024176,1.7267859269735344,-6.188384206225813,1,0,direct,1
0.0,0.4,0.1,0.6625196921696463,1.871505686855493,-0.5201979362359869,1,0,direct,1
0.0,0.4,0.3,0.7624389276000161,1.6672667090356945,-0.5978482896600698,1,0,direct,1
0.0,0.4,0.5,0.806929910459567,1.5945734692727658,-0.6631003347086046,1,0,direct,1
0.0,0.4,1.0,0.8405031192993835,1.6088979988083747,-0.8685125848189242,1,0,direct,1
0.0,0.4,1.5,0.8435939051424012,1.6922378590740788,-1.2089507662643904,1,0,continuation,1
0.0,0.4,2.0,0.8414119468836017,1.7685418897545475,-1.7120739876147921,1,0,direct,1
0.0,0.4,5.0,0.8324852357074649,1.9440555205942132,-8.103667700548238,1,0,direct,1
0.0,0.5,0.1,0.6001582912905523,2.2570836144152846,-0.5155501618766066,1,0,direct,1
0.0,0.5,0.3,0.716932566316054,1.9163178829778824,-0.6077913406261001,1,0,direct,1
0.0,0.5,0.5,0.769674698118036,1.7972653601912383,-0.6886975066313437,1,0,direct,1
0.0,0.5,1.0,0.8107077465930709,1.7926007329710791,-0.9518321755356912,1,0,direct,1
0.0,0.5,1.5,0.8158786289162973,1.8838880534162263,-1.3872353751003348,1,0,continuation,1
0.0,0.5,2.0,0.8146084613506362,1.9675124354004683,-2.0249091988660886,1,0,direct,1
0.0,0.5,5.0,0.8072123933691715,2.1539133887058535,-10.034959986751614,1,0,direct,1
0.0,0.8,0.1,0.4649343826234805,4.099492358320518,-0.5790621275177197,1,0,direct,1
0.0,0.8,0.3,0.609723402950438,2.9127169090275054,-0.6927011206862309,1,0,direct,1
0.0,0.8,0.5,0.6794023595348655,2.5407934486286083,-0.8135029266274181,1,0,direct,1
0.0,0.8,1.0,0.7383385037433309,2.3963283592311115,-1.2517673849141995,1,0,continuation,1
0.0,0.8,1.5,0.7496735371910526,2.4770018956917212,-1.9777713356586908,1,0,continuation,1
0.0,0.8,2.0,0.7514095416690217,2.5622013598917857,-3.022424314959137,1,0,continuation,1
0.0,0.8,5.0,0.7488652291510813,2.7498499135189456,-15.890498964486229,1,0,direct,1
0.01,0.0,0.1,0.9883381957165728,1.0145596280234217,-0.6345653514629375,1,0,direct,1
0.01,0.0,0.3,0.9883381957165728,1.0145596280234217,-0.6345653514629375,1,0,direct,1
0.01,0.0,0.5,0.9883381957165728,1.0145596280234217,-0.6345653514629375,1,0,direct,1
0.01,0.0,1.0,0.9883381957165728,1.0145596280234217,-0.6345653514629375,1,0,direct,1
0.01,0.0,1.5,0.9883381957165728,1.0145596280234217,-0.6345653514629375,1,0,direct,1
0.01,0.0,2.0,0.9883381957165728,1.0145596280234217,-0.6345653514629375,1,0,direct,1
0.01,0.0,5.0,0.9883381957165728,1.0145596280234217,-0.6345653514629375,1,0,direct,1
0.01,0.05,0.1,0.9411876948227458,1.0856911433772876,-0.6126515989456933,1,0,direct,1
0.01,0.05,0.3,0.9543333297356271,1.076239164349216,-0.6231933073919951,1,0,direct,1
0.01,0.05,0.5,0.960390008525961,1.073186026939116,-0.6311369534839694,1,0,direct,1
0.01,0.05,1.0,0.964473330634963,1.079645011920938,-0.6534390065325686,1,0,direct,1
0.01,0.05,1.5,0.9639315635485737,1.0932525089182081,-0.6902342589561696,1,0,direct,1
0.01,0.05,2.0,0.9625725854300214,1.1072175775832862,-0.7467522247553998,1,0,direct,1
0.01,0.05,5.0,0.9577042736974278,1.1518063033842665,-1.5233008642199688,1,0,direct,1
0.01,0.1,0.1,0.8947112686362632,1.1654803437311956,-0.5925177193712405,1,0,direct,1
0.01,0.1,0.3,0.9214514526946372,1.1436551016588137,-0.6134647785479108,1,0,direct,1
0.01,0.1,0.5,0.9335832355349363,1.1363605988044327,-0.6294720527433934,1,0,direct,1
0.01,0.1,1.0,0.9419224946838625,1.1485946152026774,-0.6752427355803617,1,0,direct,1
0.01,0.1,1.5,0.9412403763601308,1.17543727069327,-0.7510232090991561,1,0,direct,1
0.01,0.1,2.0,0.9390107272869839,1.202321196928604,-0.8668548027665585,1,0,direct,1
0.01,0.1,5.0,0.9313204916179894,1.281266180679485,-2.432966500404173,1,0,direct,1
0.01,0.15,0.1,0.8494138326086528,1.2552086223181769,-0.5743105620997345,1,0,direct,1
0.01,0.15,0.3,0.889820497934378,1.2173378006761992,-0.6054797248776569,1,0,direct,1
0.01,0.15,0.5,0.9079448505063055,1.2043386187764527,-0.6296446057588918,1,0,direct,1
0.01,0.15,1.0,0.9206251295544101,1.2213377943668133,-0.6999710190057122,1,0,direct,1
0.01,0.15,1.5,0.9201272321380898,1.260736527724764,-0.8166542920801602,1,0,direct,1
0.01,0.15,2.0,0.9174096718942546,1.2993135544910637,-0.9939996278812958,1,0,direct,1
0.01,0.15,5.0,0.9082011208156775,1.4054087214821216,-3.357219980131651,1,0,direct,1
0.01,0.2,0.1,0.8057468904228153,1.356336781523566,-0.5581868410658885,1,0,direct,1
0.01,0.2,0.3,0.8595432965799921,1.2978316666555405,-0.599336851235665,1,0,direct,1
0.01,0.2,0.5,0.8834927090998004,1.2773585612769405,-0.6317210647755863,1,0,direct,1
0.01,0.2,1.0,0.9005270623690624,1.2977709285690575,-0.7275926810879516,1,0,direct,1
0.01,0.2,1.5,0.9004707625914471,1.3487837322071436,-0.8868214915011724,1,0,direct,1
0.01,0.2,2.0,0.8975519281830953,1.3977381453974809,-1.1273818614527145,1,0,direct,1
0.01,0.2,5.0,0.8876715391295084,1.525491344333757,-4.292338530230186,1,0,direct,1
0.01,0.3,0.1,0.7247053321091748,1.5995760777917278,-0.5328534232692616,1,0,direct,1
0.01,0.3,0.3,0.8032899947405908,1.4814906841652402,-0.5929531177689559,1,0,direct,1
0.01,0.3,0.5,0.8380958630629606,1.439357291607832,-0.6418039883458141,1,0,direct,1
0.01,0.3,1.0,0.8636668531874132,1.4611380086757362,-0.7912794493758183,1,0,direct,1
0.01,0.3,1.5,0.8650401622693225,1.5317495578212237,-1.0394945317711213,1,0,direct,1
0.01,0.3,2.0,0.8623175379841231,1.5974622766224917,-1.4100567698579145,1,0,direct,1
0.01,0.3,5.0,0.8525666322577867,1.7562644474256728,-6.186225697519003,1,0,direct,1
0.01,0.4,0.1,0.653404231930713,1.9106095279360087,-0.5178700689562271,1,0,direct,1
0.01,0.4,0.3,0.7528679848670562,1.6990234601577585,-0.5949925975519197,1,0,direct,1
0.01,0.4,0.5,0.7972167887798914,1.6237062695318838,-0.6600438519109396,1,0,direct,1
0.01,0.4,1.0,0.8308242504257791,1.6373475881387392,-0.8656548501860211,1,0,direct,1
0.01,0.4,1.5,0.8340687706668045,1.7218685958283382,-1.2065642389566926,1,0,direct,1
0.01,0.4,2.0,0.8320216167306664,1.799294865951218,-1.7100995303592204,1,0,direct,1
0.01,0.4,5.0,0.823392262488023,1.9772575508887522,-8.102602234964387,1,0,direct,1
0.01,0.5,0.1,0.592166863713003,2.3073489669788656,-0.5145184632827751,1,0,direct,1
0.01,0.5,0.3,0.7080880826124181,1.9544118857486972,-0.6059680211168829,1,0,direct,1
0.01,0.5,0.5,0.7605419971739861,1.8311696078622712,-0.6865651913115789,1,0,direct,1
0.01,0.5,1.0,0.8015061162421623,1.8248544170342424,-0.9498748306552445,1,0,direct,1
0.01,0.5,1.5,0.8068151607836405,1.917153614423188,-1.385787846794231,1,0,direct,1
0.01,0.5,2.0,0.8056739316348277,2.001824214952228,-2.0238938800052173,1,0,direct,1
0.01,0.5,5.0,0.7985615284132314,2.1905138331905656,-10.034848751941087,1,0,direct,1
0.01,0.8,0.1,0.4597013844315093,4.197922206493913,-0.5823398641257972,1,0,direct,1
0.01,0.8,0.3,0.6028517796874705,2.9739183935702043,-0.6941628939387233,1,0,direct,1
0.01,0.8,0.5,0.6718480292480865,2.5906518277863966,-0.8142029687172185,1,0,direct,1
0.01,0.8,1.0,0.7303866054037106,2.4398633971367265,-1.2523370280752604,1,0,direct,1
0.01,0.8,1.5,0.7417660494483811,2.5203859484053672,-1.9787812498509325,1,0,direct,1
0.01,0.8,2.0,0.7435868204405442,2.60612731105969,-3.0238120260500803,1,0,direct,1
0.01,0.8,5.0,0.7412462696470224,2.7952985302622473,-15.892633357366837,1,0,direct,1
0.03,0.0,0.1,0.9648465454663807,1.044822960273296,-0.6225746003559618,1,0,direct,1
0.03,0.0,0.3,0.9648465454663807,1.044822960273296,-0.6225746003559618,1,0,direct,1
0.03,0.0,0.5,0.9648465454663807,1.044822960273296,-0.6225746003559618,1,0,direct,1
0.03,0.0,1.0,0.9648465454663807,1.044822960273296,-0.6225746003559618,1,0,direct,1
0.03,0.0,1.5,0.9648465454663807,1.044822960273296,-0.6225746003559618,1,0,direct,1
0.03,0.0,2.0,0.9648465454663807,1.044822960273296,-0.6225746003559618,1,0,direct,1
0.03,0.0,5.0,0.9648465454663807,1.044822960273296,-0.6225746003559618,1,0,direct,1
0.03,0.05,0.1,0.9176957064847128,1.1197154843675883,-0.6013898574200304,1,0,direct,1
0.03,0.05,0.3,0.9311113045088584,1.109644274149261,-0.6118597179591556,1,0,direct,1
0.03,0.05,0.5,0.9372722618355801,1.1063700142113917,-0.6197767398903767,1,0,direct,1
0.03,0.05,1.0,0.9414804373539621,1.1130750661619366,-0.6421313312475011,1,0,direct,1
0.03,0.05,1.5,0.941029221140527,1.1273203723981207,-0.6790392027358773,1,0,direct,1
0.03,0.05,2.0,0.9397433051452412,1.141953083670289,-0.7356699447604222,1,0,direct,1
0.03,0.05,5.0,0.9350636926016302,1.1886796055251434,-1.5125683452164647,1,0,direct,1
0.03,0.1,0.1,0.8714748845672656,1.2038437896491125,-0.5820455842190333,1,0,direct,1
0.03,0.1,0.3,0.8986209877091459,1.1805473464608327,-0.6028380150177206,1,0,direct,1
0.03,0.1,0.5,0.9109077236272557,1.1727162571337606,-0.6187891075695924,1,0,direct,1
0.03,0.1,1.0,0.9194501504179555,1.1853594159648484,-0.6646778269780602,1,0,direct,1
0.03,0.1,1.5,0.9189309072976546,1.2133994845579446,-0.7407100581170225,1,0,direct,1
0.03,0.1,2.0,0.9168340934910042,1.2414909035386632,-0.8567956850407659,1,0,direct,1
0.03,0.1,5.0,0.9094810993993,1.3238667976557024,-2.4236782686352902,1,0,direct,1
0.03,0.15,0.1,0.8266769320935513,1.298576674666136,-0.5646935234531312,1,0,direct,1
0.03,0.15,0.3,0.8674874241286566,1.2580876630188607,-0.5956107135579608,1,0,direct,1
0.03,0.15,0.5,0.8857651345033681,1.2441220384849698,-0.6196847637506311,1,0,direct,1
0.03,0.15,1.0,0.8986884811542374,1.261585486675689,-0.6902002610991373,1,0,direct,1
0.03,0.15,1.5,0.8984059554201128,1.3026445797009694,-0.8072842482755515,1,0,direct,1
0.03,0.15,2.0,0.8958674440205227,1.3428437614119408,-0.9850269880059898,1,0,direct,1
0.03,0.15,5.0,0.8871029113299405,1.4531651192955768,-3.3493769371754305,1,0,direct,1
0.03,0.2,0.1,0.7837234146252041,1.4054694598243551,-0.5494947094025212,1,0,direct,1
0.03,0.2,0.3,0.8377930631651178,1.3428323328269642,-0.5902769128191732,1,0,direct,1
0.03,0.2,0.5,0.8618493565879136,1.3208260726419419,-0.6225283074891703,1,0,direct,1
0.03,0.2,1.0,0.8791269859328539,1.3416257610532307,-0.7186582710802429,1,0,direct,1
0.03,0.2,1.5,0.8793265451142377,1.394653420907281,-0.8784332676628233,1,0,direct,1
0.03,0.2,2.0,0.8766223030282966,1.4455290286217106,-1.1195210816742298,1,0,direct,1
0.03,0.2,5.0,0.8672567101750701,1.577977902569683,-4.285878904156342,1,0,direct,1
0.03,0.3,0.1,0.7045968288608239,1.6629180628426523,-0.5262323685222504,1,0,direct,1
0.03,0.3,0.3,0.7828898793096152,1.536241206847173,-0.585661567788117,1,0,direct,1
0.03,0.3,0.5,0.8176110157250266,1.4909483943988424,-0.6342651371636734,1,0,direct,1
0.03,0.3,1.0,0.8433356049740497,1.5124935791248633,-0.7841062328506053,1,0,direct,1
0.03,0.3,1.5,0.845001586250719,1.585495322309153,-1.0331131869270647,1,0,direct,1
0.03,0.3,2.0,0.8425331023436835,1.6534407594417666,-1.404397861378464,1,0,direct,1
0.03,0.3,5.0,0.83336454323182,1.8172822678877303,-6.18228218706384,1,0,direct,1
0.03,0.4,0.1,0.6355362267550325,1.9923816071627765,-0.5136171793545397,1,0,direct,1
0.03,0.4,0.3,0.7339397297033398,1.7652426646514814,-0.5896516262400551,1,0,direct,1
0.03,0.4,0.5,0.777930017719211,1.684360870436173,-0.6542896817550188,1,0,direct,1
0.03,0.4,1.0,0.8115276007119064,1.6964416682731642,-0.8603006936393699,1,0,direct,1
0.03,0.4,1.5,0.8150564868286584,1.783314911745509,-1.2021607439039517,1,0,direct,1
0.03,0.4,2.0,0.8132709259897049,1.862998355007305,-1.7065241773461177,1,0,direct,1
0.03,0.4,5.0,0.8052271071490168,2.045890108414961,-8.10084488511768,1,0,direct,1
0.03,0.5,0.1,0.5765488584213835,2.412390527313317,-0.5128996107424464,1,0,direct,1
0.03,0.5,0.3,0.6906446401816908,2.033782280655135,-0.6027216771785276,1,0,direct,1
0.03,0.5,0.5,0.7424388544495935,1.9016988963164705,-0.6826833237899603,1,0,direct,1
0.03,0.5,1.0,0.7831870787666915,1.8917781609524573,-0.9463366092358451,1,0,direct,1
0.03,0.5,1.5,0.7887428347568363,1.9860499079596674,-1.3832701766222262,1,0,direct,1
0.03,0.5,2.0,0.7878502218201258,2.072811343359895,-2.022239305190683,1,0,direct,1
0.03,0.5,5.0,0.7812905441710563,2.2660830954905418,-10.03499353224047,1,0,direct,1
0.03,0.8,0.1,0.44949439091333765,4.4022201333186155,-0.5893751259385017,1,0,direct,1
0.03,0.8,0.3,0.5893421846627094,3.1008609310509123,-0.6975205392400062,1,0,direct,1
0.03,0.8,0.5,0.6569242574285069,2.6939669899795713,-0.8160119776514358,1,0,direct,1
0.03,0.8,1.0,0.7145925073018488,2.529870020475282,-1.2538578859881901,1,0,direct,1
0.03,0.8,1.5,0.7260312624187031,2.609948009396686,-1.9811677881391536,1,0,direct,1
0.03,0.8,2.0,0.728007527707349,2.696715541241713,-3.026943926141107,1,0,direct,1
0.03,0.8,5.0,0.7260560129764346,2.888884799389185,-15.897238930759356,1,0,direct,1
0.05,0.0,0.1,0.9411837094967425,1.0767060896546161,-0.6108906162618402,1,0,direct,1
0.05,0.0,0.3,0.9411837094967425,1.0767060896546161,-0.6108906162618402,1,0,direct,1
0.05,0.0,0.5,0.9411837094967425,1.0767060896546161,-0.6108906162618402,1,0,direct,1
0.05,0.0,1.0,0.9411837094967425,1.0767060896546161,-0.6108906162618402,1,0,direct,1
0.05,0.0,1.5,0.9411837094967425,1.0767060896546161,-0.6108906162618402,1,0,direct,1
0.05,0.0,2.0,0.9411837094967425,1.0767060896546161,-0.6108906162618402,1,0,direct,1
0.05,0.0,5.0,0.9411837094967425,1.0767060896546161,-0.6108906162618402,1,0,direct,1
0.05,0.05,0.1,0.894156101860454,1.1556172307520096,-0.5904596668847821,1,0,direct,1
0.05,0.05,0.3,0.9078096924045271,1.1448742169602373,-0.6008558829609356,1,0,direct,1
0.05,0.05,0.5,0.914057273299756,1.1413576907288,-0.6087464025531231,1,0,direct,1
0.05,0.05,1.0,0.9183737480895853,1.1483122344979753,-0.6311591258372787,1,0,direct,1
0.05,0.05,1.5,0.9180101518123915,1.1632239885132394,-0.6681883677216877,1,0,direct,1
0.05,0.05,2.0,0.9167977228008901,1.1785548398460917,-0.7249407939632645,1,0,direct,1
0.05,0.05,5.0,0.9123132123650785,1.2275105058078932,-1.5022180728063266,1,0,direct,1
0.05,0.1,0.1,0.8483155520397733,1.244383696553973,-0.5719320990495702,1,0,direct,1
0.05,0.1,0.3,0.8757960843542666,1.2194907823452126,-0.5925652925166428,1,0,direct,1
0.05,0.1,0.5,0.8882013348349987,1.2110719873449587,-0.6084598922927548,1,0,direct,1
0.05,0.1,1.0,0.8969135750652656,1.224121239937995,-0.6544766728403465,1,0,direct,1
0.05,0.1,1.5,0.8965502636876738,1.253405256704599,-0.7307761210973513,1,0,direct,1
0.05,0.1,2.0,0.8945869195668769,1.282751207325987,-0.847130472310774,1,0,direct,1
0.05,0.1,5.0,0.8875772380720687,1.3686766254407716,-2.4148235806052045,1,0,direct,1
0.05,0.15,0.1,0.8041339962481617,1.344466465174124,-0.555464404499644,1,0,direct,1
0.05,0.15,0.3,0.8452363871532161,1.3011352290187956,-0.5861210286203894,1,0,direct,1
0.05,0.15,0.5,0.8636155985828204,1.2861129142729257,-0.6101028500007388,1,0,direct,1
0.05,0.15,1.0,0.8767262255657727,1.3040202536321637,-0.6808203180433517,1,0,direct,1
0.05,0.15,1.5,0.8766521225546379,1.3467929772226839,-0.7983246149227593,1,0,direct,1
0.05,0.15,2.0,0.8742937330414305,1.3886666297263994,-0.9764819501911183,1,0,direct,1
0.05,0.15,5.0,0.8659759851276179,1.503331409693795,-3.3420000815260695,1,0,direct,1
0.05,0.2,0.1,0.7619946336394188,1.4575193419795949,-0.5412216249648372,1,0,direct,1
0.05,0.2,0.3,0.8161909566562933,1.390397764807954,-0.5816221848639581,1,0,direct,1
0.05,0.2,0.5,0.8402886165657574,1.3667186901492012,-0.6137375651245676,1,0,direct,1
0.05,0.2,1.0,0.8577406807009433,1.3878550273990675,-0.7101398135451574,1,0,direct,1
0.05,0.2,1.5,0.858180014123106,1.4429483770961988,-0.8704821114967121,1,0,direct,1
0.05,0.2,2.0,0.855687410059081,1.4957960345236379,-1.1121143521891115,1,0,direct,1
0.05,0.2,5.0,0.8468361043353443,1.6330462501491891,-4.279905124149385,1,0,direct,1
0.05,0.3,0.1,0.6849190799047064,1.730126746642204,-0.5200959010028141,1,0,direct,1
0.05,0.3,0.3,0.7627371244291795,1.5941438544973658,-0.5788267475595174,1,0,direct,1
0.05,0.3,0.5,0.797283289132958,1.5454189642951357,-0.6271741731014162,1,0,direct,1
0.05,0.3,1.0,0.8230762176848159,1.5665824025625632,-0.7773914600529217,1,0,direct,1
0.05,0.3,1.5,0.8250092728457633,1.641997685903397,-1.0272079809008685,1,0,direct,1
0.05,0.3,2.0,0.8227866062504341,1.7122083743345906,-1.3992267111388663,1,0,direct,1
0.05,0.3,5.0,0.814192135352198,1.8811568913687051,-6.178840000144382,1,0,direct,1
0.05,0.4,0.1,0.618160470613717,2.079172760717644,-0.5099128334379824,1,0,direct,1
0.05,0.4,0.3,0.7153222630906731,1.8352529792776295,-0.5848146098270207,1,0,direct,1
0.05,0.4,0.5,0.7588534999149299,1.748358890736057,-0.6490230573808031,1,0,direct,1
0.05,0.4,1.0,0.7923396882318297,1.7585987397338032,-0.8554354395252153,1,0,direct,1
0.05,0.4,1.5,0.7961222138468208,1.847800995339726,-1.1982553005405754,1,0,direct,1
0.05,0.4,2.0,0.7945859233867233,1.929749287818308,-1.703450845607996,1,0,direct,1
0.05,0.4,5.0,0.7871130901133568,2.117598221445343,-8.099587119818255,1,0,direct,1
0.05,0.5,0.1,0.5614205261110049,2.523754672698428,-0.5118825476347265,1,0,direct,1
0.05,0.5,0.3,0.6735375693834984,2.117602903319389,-0.600017535317951,1,0,direct,1
0.05,0.5,0.5,0.7245773333826013,1.9760255467677053,-0.6793194893465831,1,0,direct,1
0.05,0.5,1.0,0.7650010204664969,1.96206046265278,-0.9433057845024655,1,0,direct,1
0.05,0.5,1.5,0.770769852235173,2.0582285034710845,-1.3812591776613128,1,0,direct,1
0.05,0.5,2.0,0.7701090227243824,2.1470627708634282,-2.0210883549907197,1,0,direct,1
0.05,0.5,5.0,0.7640852103594883,2.3449104490110173,-10.03562816762206,1,0,direct,1
0.05,0.8,0.1,0.439626753591614,4.616718860773165,-0.5970478935750915,1,0,direct,1
0.05,0.8,0.3,0.5761503954114376,3.2340463153807337,-0.7014580879325484,1,0,direct,1
0.05,0.8,0.5,0.6422552969333467,2.8022511427187133,-0.8183680651587694,1,0,direct,1
0.05,0.8,1.0,0.6989588637022828,2.623932365965566,-1.2558883435907717,1,0,direct,1
0.05,0.8,1.5,0.7104183813749645,2.7033458818355802,-1.9840429955367733,1,0,direct,1
0.05,0.8,2.0,0.7125324041480927,2.791060464373402,-3.0305502355804075,1,0,direct,1
0.05,0.8,5.0,0.7109458840499867,2.98614720306993,-15.902291874466078,1,0,direct,1
0.1,0.0,0.1,0.8816601549487519,1.164266993437355,-0.5830898190046507,1,0,direct,1
0.1,0.0,0.3,0.8816601549487519,1.164266993437355,-0.5830898190046507,1,0,direct,1
0.1,0.0,0.5,0.8816601549487519,1.164266993437355,-0.5830898190046507,1,0,direct,1
0.1,0.0,1.0,0.8816601549487519,1.164266993437355,-0.5830898190046507,1,0,direct,1
0.1,0.0,1.5,0.8816601549487519,1.164266993437355,-0.5830898190046507,1,0,direct,1
0.1,0.0,2.0,0.8816601549487519,1.164266993437355,-0.5830898190046507,1,0,direct,1
0.1,0.0,5.0,0.8816601549487519,1.164266993437355,-0.5830898190046507,1,0,direct,1
0.1,0.05,0.1,0.8355021658691266,1.2544819515057593,-0.5646587432894701,1,0,direct,1
0.1,0.05,0.3,0.8495874417005778,1.2417959309691393,-0.5748615973040858,1,0,direct,1
0.1,0.05,0.5,0.8559626539877296,1.2375659915132036,-0.5826857684614356,1,0,direct,1
0.1,0.05,1.0,0.8604696039368136,1.2451511342152066,-0.6052682379967933,1,0,direct,1
0.1,0.05,1.5,0.860308129404962,1.261857106453375,-0.6426397668580827,1,0,direct,1
0.1,0.05,2.0,0.8592805255625106,1.2790700850321708,-0.6997359179741662,1,0,direct,1
0.1,0.05,5.0,0.8552992171178418,1.3340028514690554,-1.4780883576414068,1,0,direct,1
0.1,0.1,0.1,0.7911467901791227,1.3563002672840392,-0.5482982571094948,1,0,direct,1
0.1,0.1,0.3,0.8191250620896311,1.3267863192657177,-0.5685100273090105,1,0,direct,1
0.1,0.1,0.5,0.8316490420398179,1.3166421704182958,-0.5842604992557876,1,0,direct,1
0.1,0.1,1.0,0.8406289814484957,1.3306697676497163,-0.630640119020051,1,0,direct,1
0.1,0.1,1.5,0.8406179180429898,1.3632650134366353,-0.7076746148504461,1,0,direct,1
0.1,0.1,2.0,0.8389788239286553,1.3959522482713218,-0.8247639637483227,1,0,direct,1
0.1,0.1,5.0,0.8328436781276745,1.4912588433109009,-2.3946500370296175,1,0,direct,1
0.1,0.15,0.1,0.7489832737689104,1.4714318091839782,-0.534175643730603,1,0,direct,1
0.1,0.15,0.3,0.7903133601799569,1.4198768983913463,-0.5641380430733759,1,0,direct,1
0.1,0.15,0.5,0.8086883001459046,1.4017603737570365,-0.5878805032044828,1,0,direct,1
0.1,0.15,1.0,0.822047682219855,1.4206387207371345,-0.6591560449896625,1,0,direct,1
0.1,0.15,1.5,0.8224301519177131,1.467917693608723,-0.7777937411152523,1,0,direct,1
0.1,0.15,2.0,0.820501117103228,1.514199583912592,-0.9570590571328261,1,0,direct,1
0.1,0.15,5.0,0.8133011420381351,1.6402128791094952,-3.325652590983687,1,0,direct,1
0.1,0.2,0.1,0.7092842953578182,1.6017908811232842,-0.5224640298663182,1,0,direct,1
0.1,0.2,0.3,0.7631557355124375,1.5217075419803046,-0.5618426238236177,1,0,direct,1
0.1,0.2,0.5,0.7870341404600768,1.4931476989911197,-0.5936000548017898,1,0,direct,1
0.1,0.2,1.0,0.8046329923740807,1.514831534074489,-0.6907380204093928,1,0,direct,1
0.1,0.2,1.5,0.805598856522114,1.5752878595204336,-0.8525847564475777,1,0,direct,1
0.1,0.2,2.0,0.8036080332047207,1.6332687757935573,-1.0956459535978371,1,0,direct,1
0.1,0.2,5.0,0.7960267737327792,1.7829418527697753,-4.267139633377656,1,0,direct,1
0.1,0.3,0.1,0.6378373126816922,1.9168189820707666,-0.506970135876536,1,0,direct,1
0.1,0.3,0.3,0.713696514530637,1.754065268460728,-0.563822875345187,1,0,direct,1
0.1,0.3,0.5,0.7474044910984295,1.6954155774676003,-0.6114850621205433,1,0,direct,1
0.1,0.3,1.0,0.7729848940209659,1.7148523735451773,-0.76267700493101,1,0,direct,1
0.1,0.3,1.5,0.775474345302795,1.7963481970129285,-1.0145829142342457,1,0,direct,1
0.1,0.3,2.0,0.7738201829549006,1.8723328261592862,-1.3884775756147247,1,0,direct,1
0.1,0.3,5.0,0.7666092264123964,2.0542844101951094,-6.17245129469463,1,0,direct,1
0.1,0.4,0.1,0.5769528128673821,2.320200621026922,-0.5031385811140553,1,0,direct,1
0.1,0.4,0.3,0.6703008542121727,2.0284010271822037,-0.5750044653460421,1,0,direct,1
0.1,0.4,0.5,0.7122736167055602,1.9243057084280972,-0.6380601358698977,1,0,direct,1
0.1,0.4,1.0,0.7450557739350853,1.92852452424762,-0.845465464333386,1,0,direct,1
0.1,0.4,1.5,0.7493343584348479,2.023371388099658,-1.1907097966972089,1,0,direct,1
0.1,0.4,2.0,0.7483609689228108,2.11097295099064,-1.6979921027394769,1,0,direct,1
0.1,0.4,5.0,0.7422366255486254,2.311273204667319,-8.098637576340343,1,0,direct,1
0.1,0.5,0.1,0.5257370466519702,2.8321511522506246,-0.5120373553852225,1,0,direct,1
0.1,0.5,0.3,0.6323574545022159,2.3482671426665274,-0.5956920648671501,1,0,direct,1
0.1,0.5,0.5,0.6811220460705409,2.1798436074471925,-0.6732336423654862,1,0,direct,1
0.1,0.5,1.0,0.7202959321518941,2.1536126294239364,-0.9379883798218989,1,0,direct,1
0.1,0.5,1.5,0.7264427144680109,2.2540978139308967,-1.3784728607195937,1,0,direct,1
0.1,0.5,2.0,0.7262956212782863,2.347989494871038,-2.0204289625169167,1,0,direct,1
0.1,0.5,5.0,0.7215128422227602,2.5571829180638224,-10.039357312609665,1,0,direct,1
0.1,0.8,0.1,0.41636968133380226,5.1998103653452885,-0.6189954967141014,1,0,direct,1
0.1,0.8,0.3,0.5445520313345308,3.5959692036403927,-0.7138422333217591,1,0,direct,1
0.1,0.8,0.5,0.606760143598708,3.096101565066679,-0.826661811162635,1,0,direct,1
0.1,0.8,1.0,0.6606829293538383,2.8779777785103953,-1.2631975975089984,1,0,direct,1
0.1,0.8,1.5,0.6720346628574221,2.9546738717739554,-1.9933646105593035,1,0,direct,1
0.1,0.8,2.0,0.6744168674921845,3.0443654139315455,-3.041632849726733,1,0,direct,1
0.1,0.8,5.0,0.6736357124332103,3.2463339206706525,-15.916867322512168,1,0,direct,1
0.2,0.0,0.1,0.7643693036759377,1.3804948280519813,-0.5341309210438772,1,0,direct,1
0.2,0.0,0.3,0.7643693036759377,1.3804948280519813,-0.5341309210438772,1,0,direct,1
0.2,0.0,0.5,0.7643693036759377,1.3804948280519813,-0.5341309210438772,1,0,direct,1
0.2,0.0,1.0,0.7643693036759377,1.3804948280519813,-0.5341309210438772,1,0,direct,1
0.2,0.0,1.5,0.7643693036759377,1.3804948280519813,-0.5341309210438772,1,0,direct,1
0.2,0.0,2.0,0.7643693036759377,1.3804948280519813,-0.5341309210438772,1,0,direct,1
0.2,0.0,5.0,0.7643693036759377,1.3804948280519813,-0.5341309210438772,1,0,direct,1
0.2,0.05,0.1,0.7222580165658113,1.4999397597667672,-0.5202495459368596,1,0,direct,1
0.2,0.05,0.3,0.7364190832685866,1.481898497618565,-0.5300128825926816,1,0,direct,1
0.2,0.05,0.5,0.7426500471663926,1.475625303959619,-0.5376974352667979,1,0,direct,1
0.2,0.05,1.0,0.7471466721203867,1.4843960559597509,-0.5607195421414501,1,0,direct,1
0.2,0.05,1.5,0.747287887960428,1.5052368001817464,-0.598941748781168,1,0,direct,1
0.2,0.05,2.0,0.7465972852357996,1.5268044609640257,-0.6568936779525161,1,0,direct,1
0.2,0.05,5.0,0.7436556900187414,1.5953789272994499,-1.4379297234421053,1,0,direct,1
0.2,0.1,0.1,0.6828806948038026,1.6354671913358052,-0.5088103383142385,1,0,direct,1
0.2,0.1,0.3,0.710326958570978,1.5932280841376487,-0.5280503842772803,1,0,direct,1
0.2,0.1,0.5,0.7223393455960421,1.578182698926312,-0.5434849498321331,1,0,direct,1
0.2,0.1,1.0,0.7311269631249646,1.593733880425018,-0.5907548733921655,1,0,direct,1
0.2,0.1,1.5,0.7316211300594214,1.6337393530328037,-0.669530531731074,1,0,direct,1
0.2,0.1,2.0,0.7305687414593555,1.6739308063525562,-0.788341254878344,1,0,direct,1
0.2,0.1,5.0,0.7261397471092407,1.789955653111642,-2.3632439652164057,1,0,direct,1
0.2,0.15,0.1,0.646346541532428,1.7893418325670052,-0.4999928632383916,1,0,direct,1
0.2,0.15,0.3,0.6860166583771518,1.715207369652397,-0.5283377132859939,1,0,direct,1
0.2,0.15,0.5,0.7033534042535674,1.6883803817091916,-0.551538468870221,1,0,direct,1
0.2,0.15,1.0,0.7162038959389647,1.7081161169802335,-0.6241185794088433,1,0,direct,1
0.2,0.15,1.5,0.717213546744388,1.7651693809943607,-0.74533653295888,1,0,direct,1
0.2,0.15,2.0,0.7160307484786501,1.82107899940956,-0.9270809624299381,1,0,direct,1
0.2,0.15,5.0,0.7109485508402894,1.9715161481559507,-3.3023510607574393,1,0,direct,1
0.2,0.2,0.1,0.6126764479193819,1.9640182032308775,-0.4939728051165453,1,0,direct,1
0.2,0.2,0.3,0.6633998088797051,1.8485196883480868,-0.5309557969155106,1,0,direct,1
0.2,0.2,0.5,0.6855933674876072,1.806362456653686,-0.5618850582534287,1,0,direct,1
0.2,0.2,1.0,0.7022861041221606,1.827120779241044,-0.6606658264328378,1,0,direct,1
0.2,0.2,1.5,0.7039240213087826,1.8988217510549599,-0.8258232174035164,1,0,direct,1
0.2,0.2,2.0,0.7027844406554333,1.9677209512514515,-1.0719687750431424,1,0,direct,1
0.2,0.2,5.0,0.6975391238965277,2.1435591852176086,-4.251216368795119,1,0,direct,1
0.2,0.3,0.1,0.5535102217619343,2.3862920680802753,-0.4909688626356537,1,0,direct,1
0.2,0.3,0.3,0.6228149869883817,2.1515363104946266,-0.5434248978171285,1,0,direct,1
0.2,0.3,0.5,0.6534294835059242,2.0658931513038024,-0.5894741009068644,1,0,direct,1
0.2,0.3,1.0,0.6771082578181642,2.0772678993442177,-0.7426498765385325,1,0,direct,1
0.2,0.3,1.5,0.6802146498881833,2.1705611976397465,-0.9989048629102847,1,0,direct,1
0.2,0.3,2.0,0.6794772017167867,2.2582310761508877,-1.376638489262289,1,0,direct,1
0.2,0.3,5.0,0.6747001274526097,2.4666147612199407,-6.169321981640799,1,0,direct,1
0.2,0.4,0.1,0.5041736015479723,2.9238273167239384,-0.5008745831773845,1,0,direct,1
0.2,0.4,0.3,0.5877215004429598,2.506132959541861,-0.5657488579533921,1,0,direct,1
0.2,0.4,0.5,0.6251935917276954,2.3564944087121105,-0.6261127724969661,1,0,direct,1
0.2,0.4,1.0,0.6549935977490524,2.340841408293789,-0.8353211957602883,1,0,direct,1
0.2,0.4,1.5,0.6596908787031553,2.4454834912870878,-1.1853950161122917,1,0,direct,1
0.2,0.4,2.0,0.6595690436115221,2.5439569842874854,-1.6967912487142982,1,0,direct,1
0.2,0.4,5.0,0.6557311937246761,2.7687994986977844,-8.10618239631272,1,0,direct,1
0.2,0.5,0.1,0.46308412082572964,3.597261839103536,-0.5243093807524944,1,0,direct,1
0.2,0.5,0.3,0.5572955471272452,2.914443265619062,-0.5979072794307928,1,0,direct,1
0.2,0.5,0.5,0.600306790969438,2.6768876965089348,-0.6714238978146138,1,0,direct,1
0.2,0.5,1.0,0.6354361535110784,2.6148615002377555,-0.9373067054607165,1,0,direct,1
0.2,0.5,1.5,0.641724731128891,2.7213525427547984,-1.3826550773773523,1,0,direct,1
0.2,0.5,2.0,0.642301597590742,2.8244097177741847,-2.0286912657533818,1,0,direct,1
0.2,0.5,5.0,0.63955173067182,3.0552943919257394,-10.055963643306965,1,0,direct,1
0.2,0.8,0.1,0.3753319244040884,6.584414876964441,-0.6744799135579921,1,0,direct,1
0.2,0.8,0.3,0.48720819328078585,4.457645333028668,-0.7494441153375172,1,0,direct,1
0.2,0.8,0.5,0.5411325873360483,3.7949013884346865,-0.853564467132453,1,0,direct,1
0.2,0.8,1.0,0.588349966834373,3.476978059718064,-1.2873716283411558,1,0,direct,1
0.2,0.8,1.5,0.5989064639587249,3.5429343826852335,-2.0210861014571933,1,0,direct,1
0.2,0.8,2.0,0.6015234473566176,3.6345335186160934,-3.0725625184269725,1,0,direct,1
0.2,0.8,5.0,0.6019120702846364,3.847991570084692,-15.954219102455996,1,0,direct,1
0.35,0.0,0.1,0.606503243397099,1.8520956283656045,-0.48039621736511345,1,0,direct,1
0.35,0.0,0.3,0.606503243397099,1.8520956283656045,-0.48039621736511345,1,0,direct,1
0.35,0.0,0.5,0.606503243397099,1.8520956283656045,-0.48039621736511345,1,0,direct,1
0.35,0.0,1.0,0.606503243397099,1.8520956283656045,-0.48039621736511345,1,0,direct,1
0.35,0.0,1.5,0.606503243397099,1.8520956283656045,-0.48039621736511345,1,0,direct,1
0.35,0.0,2.0,0.606503243397099,1.8520956283656045,-0.48039621736511345,1,0,direct,1
0.35,0.0,5.0,0.606503243397099,1.8520956283656045,-0.48039621736511345,1,0,direct,1
0.35,0.05,0.1,0.5741761002833552,2.0386180823861646,-0.47490640008311513,1,0,direct,1
0.35,0.05,0.3,0.5866466189945716,2.006781704162624,-0.4838095379929508,1,0,direct,1
0.35,0.05,0.5,0.591800011151587,1.9949269054109273,-0.4912274813848915,1,0,direct,1
0.35,0.05,1.0,0.5954963899233705,2.0044157903051145,-0.515099861255037,1,0,direct,1
0.35,0.05,1.5,0.5958221925711373,2.0324862527803127,-0.5549593348342967,1,0,direct,1
0.35,0.05,2.0,0.5955053139744372,2.061784391383545,-0.6145579849627429,1,0,direct,1
0.35,0.05,5.0,0.5938791991240582,2.153942497329884,-1.4007095198214643,1,0,direct,1
0.35,0.1,0.1,0.544761564927575,2.2507465658892616,-0.4724461962734256,1,0,direct,1
0.35,0.1,0.3,0.5683552104627757,2.1760439970848218,-0.4897667832234964,1,0,direct,1
0.35,0.1,0.5,0.5781367083693245,2.147892501538033,-0.5045730764326183,1,0,direct,1
0.35,0.1,1.0,0.5852546400853871,2.1626056663012183,-0.5534326843794475,1,0,direct,1
0.35,0.1,1.5,0.5860161740502786,2.2147301440163205,-0.6353308040274398,1,0,direct,1
0.35,0.1,2.0,0.5855771312750394,2.2674716187009185,-0.7571797895526902,1,0,direct,1
0.35,0.1,5.0,0.5832219276345442,2.4173230766681564,-2.340613476873388,1,0,direct,1
0.35,0.15,0.1,0.5180571106230124,2.4914629722234785,-0.47316627838925424,1,0,direct,1
0.35,0.15,0.3,0.5514870399305061,2.3604877976267846,-0.4983124531489615,1,0,direct,1
0.35,0.15,0.5,0.5654237303224791,2.3109019921582408,-0.5204137502998551,1,0,direct,1
0.35,0.15,1.0,0.5757209405051499,2.32583287218011,-0.5951478920354092,1,0,direct,1
0.35,0.15,1.5,0.576987448750338,2.39776424187097,-0.7207235746860365,1,0,direct,1
0.35,0.15,2.0,0.5765638602111495,2.468914931705713,-0.9065639623609667,1,0,direct,1
0.35,0.15,5.0,0.5739443868760138,2.657503588932106,-3.2924079840415184,1,0,direct,1
0.35,0.2,0.1,0.4938265424814201,2.7637554247641436,-0.47719071338984903,1,0,direct,1
0.35,0.2,0.3,0.5358976236486891,2.560573764203105,-0.5094670266474141,1,0,direct,1
0.35,0.2,0.5,0.5535597087301545,2.4837561465739033,-0.5387085077152322,1,0,direct,1
0.35,0.2,1.0,0.56681704113048,2.493321643756388,-0.6399932757538679,1,0,direct,1
0.35,0.2,1.5,0.5686444483814771,2.5808254911460984,-0.8104603009662795,1,0,direct,1
0.35,0.2,2.0,0.5683244826237125,2.6661361521434506,-1.0614430291369745,1,0,direct,1
0.35,0.2,5.0,0.5657076827427502,2.8813647359851746,-4.252380201386371,1,0,direct,1
0.35,0.3,0.1,0.45187765808252794,3.4145042584858802,-0.4954839475345797,1,0,direct,1
0.35,0.3,0.3,0.5081152645335447,3.008715036245569,-0.5395669965715933,1,0,direct,1
0.35,0.3,0.5,0.5321210266073529,2.8577591515738923,-0.5824063512018709,1,0,direct,1
0.35,0.3,1.0,0.5506725147300193,2.8383599486817754,-0.7380956243308292,1,0,direct,1
0.35,0.3,1.5,0.5536960101647256,2.9450408301476645,-1.000761211087053,1,0,direct,1
0.35,0.3,2.0,0.5537432855751347,3.048555890181087,-1.3840736884562008,1,0,direct,1
0.35,0.3,5.0,0.5515454064273346,3.294297726661491,-6.1890772976030535,1,0,direct,1
0.35,0.4,0.1,0.4171487492659582,4.223652641565165,-0.5276288156217154,1,0,direct,1
0.35,0.4,0.3,0.4841668524863286,3.5209775072111262,-0.5797867183611843,1,0,direct,1
0.35,0.4,0.5,0.5132921096148892,3.2667712885084703,-0.6350296677685698,1,0,direct,1
0.35,0.4,1.0,0.5364164857585965,3.1930464276558945,-0.8459173382065042,1,0,direct,1
0.35,0.4,1.5,0.5406625332746146,3.304775617226836,-1.2026543328714077,1,0,direct,1
0.35,0.4,2.0,0.5411800936106759,3.4163633209501962,-1.7197250433132163,1,0,direct,1
0.35,0.4,5.0,0.5396268747624036,3.673883641425818,-8.14101608178976,1,0,direct,1
0.35,0.5,0.1,0.3881748061886138,5.20706066761942,-0.5733909619135469,1,0,direct,1
0.35,0.5,0.3,0.4633658095656001,4.095661440443886,-0.629582166772071,1,0,direct,1
0.35,0.5,0.5,0.49664172853450245,3.7070375720395545,-0.6958136815071138,1,0,direct,1
0.35,0.5,1.0,0.5237343509221437,3.5539090229427948,-0.9619012955103109,1,0,direct,1
0.35,0.5,1.5,0.529153135208269,3.6588707888240846,-1.4136050795218391,1,0,direct,1
0.35,0.5,2.0,0.5301679191837808,3.7712504384612937,-2.065061071675678,1,0,direct,1
0.35,0.5,5.0,0.529338840325779,4.02917248894651,-10.103398309443635,1,0,direct,1
0.35,0.8,0.1,0.3251152396713795,9.28294569163643,-0.7851837319176534,1,0,direct,1
0.35,0.8,0.3,0.41486737991386025,6.157333799465687,-0.8292151419665218,1,0,direct,1
0.35,0.8,0.5,0.456599945646659,5.177364120404602,-0.9193272577595051,1,0,direct,1
0.35,0.8,1.0,0.49276764192159817,4.651649813998035,-1.3471654386650176,1,0,direct,1
0.35,0.8,1.5,0.5012629350664726,4.6849059991563795,-2.0848835571263393,1,0,direct,1
0.35,0.8,2.0,0.5036830075488059,4.772583561213902,-3.140319944171858,1,0,direct,1
0.35,0.8,5.0,0.5048894030610503,4.995224334870815,-16.03012942095313,1,0,direct,1
0.5,0.0,0.1,0.4824991656548742,2.6045389378392403,-0.4559042639832829,1,0,direct,1
0.5,0.0,0.3,0.4824991656548742,2.6045389378392403,-0.4559042639832829,1,0,direct,1
0.5,0.0,0.5,0.4824991656548742,2.6045389378392403,-0.4559042639832829,1,0,direct,1
0.5,0.0,1.0,0.4824991656548742,2.6045389378392403,-0.4559042639832829,1,0,direct,1
0.5,0.0,1.5,0.4824991656548742,2.6045389378392403,-0.4559042639832829,1,0,direct,1
0.5,0.0,2.0,0.4824991656548742,2.6045389378392403,-0.4559042639832829,1,0,direct,1
0.5,0.0,5.0,0.4824991656548742,2.6045389378392403,-0.4559042639832829,1,0,direct,1
0.5,0.05,0.1,0.4600402467365818,2.898039468168152,-0.46068241582707353,1,0,direct,1
0.5,0.05,0.3,0.46982755053567266,2.840744684561185,-0.46837711862355297,1,0,direct,1
0.5,0.05,0.5,0.4735644925919929,2.8180030655171353,-0.4753814018745762,1,0,direct,1
0.5,0.05,1.0,0.4761496834437961,2.8243095228116135,-0.5001391331241356,1,0,direct,1
0.5,0.05,1.5,0.47646265463573545,2.8591912297134594,-0.5418455600297878,1,0,direct,1
0.5,0.05,2.0,0.47635126093024605,2.8962434411351086,-0.6033008273742656,1,0,direct,1
0.5,0.05,5.0,0.47557867445209023,3.011371680121892,-1.3951047306556845,1,0,direct,1
0.5,0.1,0.1,0.43975556459722304,3.229324979167365,-0.46892470303062733,1,0,direct,1
0.5,0.1,0.3,0.45814673628410774,3.096181619366471,-0.4835926133355516,1,0,direct,1
0.5,0.1,0.5,0.4652158910473003,3.0433887161994435,-0.49744041637645686,1,0,direct,1
0.5,0.1,1.0,0.47020699266786786,3.0481159633930406,-0.5477908422455471,1,0,direct,1
0.5,0.1,1.5,0.4708928712481274,3.1102293894814514,-0.6329584698966495,1,0,direct,1
0.5,0.1,2.0,0.4707726405261201,3.174487307632953,-0.7579568276985025,1,0,direct,1
0.5,0.1,5.0,0.4696810671262092,3.355212401895202,-2.3499289039035967,1,0,direct,1
0.5,0.15,0.1,0.421409514772114,3.6013299084551162,-0.48068078583001866,1,0,direct,1
0.5,0.15,0.3,0.44732158797640925,3.370839222358214,-0.5015078539220651,1,0,direct,1
0.5,0.15,0.5,0.45740080646112985,3.28002127975917,-0.5219787727979096,1,0,direct,1
0.5,0.15,1.0,0.4646412647359455,3.274844680394658,-0.5985161795295894,1,0,direct,1
0.5,0.15,1.5,0.46573073555209377,3.357177894400993,-0.7283772561293617,1,0,direct,1
0.5,0.15,2.0,0.4656706478849032,3.4411730311132933,-0.918202768245548,1,0,direct,1
0.5,0.15,5.0,0.46450343443812725,3.662798629635084,-3.3139981113884827,1,0,direct,1
0.5,0.2,0.1,0.404769628458133,4.016675162429597,-0.4959616391133401,1,0,direct,1
0.5,0.2,0.3,0.43728898455219267,3.6645075982184965,-0.522058180176988,1,0,direct,1
0.5,0.2,0.5,0.4500628850421628,3.527164993998272,-0.5488822381962061,1,0,direct,1
0.5,0.2,1.0,0.4594040051092412,3.5035901195016304,-0.6520029041847247,1,0,direct,1
0.5,0.2,1.5,0.46091537043470304,3.5998655562115824,-0.8274200488999454,1,0,direct,1
0.5,0.2,2.0,0.4609590501419887,3.6978478195271545,-1.0828846778512893,1,0,direct,1
0.5,0.2,5.0,0.45984735275565386,3.945608472607312,-4.284372288675125,1,0,direct,1
0.5,0.3,0.1,0.37582940438846685,4.98598912232498,-0.536966958952771,1,0,direct,1
0.5,0.3,0.3,0.4192658425041252,4.307196226827357,-0.5707241115053271,1,0,direct,1
0.5,0.3,0.5,0.4366935054228224,4.049938352361059,-0.6092986519856174,1,0,direct,1
0.5,0.3,1.0,0.44981418232675324,3.9643767586557166,-0.7661752260415126,1,0,direct,1
0.5,0.3,1.5,0.4522032197178275,4.0725623792246015,-1.0343249399355976,1,0,direct,1
0.5,0.3,2.0,0.45252819781229375,4.185948268995147,-1.4224609145155145,1,0,direct,1
0.5,0.3,5.0,0.45171516150366153,4.4597575005394114,-6.238017119209233,1,0,direct,1
0.5,0.4,0.1,0.35164019209344594,6.150511756996936,-0.5914087123015936,1,0,direct,1
0.5,0.4,0.3,0.40354957744860664,5.0196798871325,-0.6288111167843626,1,0,direct,1
0.5,0.4,0.5,0.4248032604753202,4.605701429887733,-0.6777131209726118,1,0,direct,1
0.5,0.4,1.0,0.44123190486351677,4.426288828035774,-0.8884426769826982,1,0,direct,1
0.5,0.4,1.5,0.4444866134776168,4.529234139699353,-1.250505193445133,1,0,direct,1
0.5,0.4,2.0,0.4451365418745199,4.646340081001659,-1.7722610741254101,1,0,direct,1
0.5,0.4,5.0,0.44473567332676595,4.925729638569472,-8.203437253488172,1,0,direct,1
0.5,0.5,0.1,0.33117930820277136,7.517512958104419,-0.6584672494275731,1,0,direct,1
0.5,0.5,0.3,0.38972673308954275,5.7961749304565195,-0.6954660065240866,1,0,direct,1
0.5,0.5,0.5,0.4141576385536942,5.188916101411464,-0.753197010141653,1,0,direct,1
0.5,0.5,1.0,0.4334882168430868,4.8867628745781495,-1.0173652899999768,1,0,direct,1
0.5,0.5,1.5,0.4375728523273891,4.971272016166748,-1.4738558901946035,1,0,direct,1
0.5,0.5,2.0,0.4385560906873698,5.084246316564266,-2.1296396622173845,1,0,direct,1
0.5,0.5,5.0,0.4385987673875739,5.357375146528648,-10.176986847522873,1,0,direct,1
0.5,0.8,0.1,0.28536755901406424,12.843915989293883,-0.9262669515905435,1,0,direct,1
0.5,0.8,0.3,0.3566930582002907,8.449023583716198,-0.9388054411306098,1,0,direct,1
0.5,0.8,0.5,0.38793761354365525,7.058806245293055,-1.0142490881544068,1,0,direct,1
0.5,0.8,1.0,0.41412837280284415,6.246984401089603,-1.4341432233030231,1,0,direct,1
0.5,0.8,1.5,0.42038246595789164,6.223056422323679,-2.1742773271958367,1,0,direct,1
0.5,0.8,2.0,0.4223092998786195,6.29617885813119,-3.2326464686953824,1,0,direct,1
0.5,0.8,5.0,0.42362570603561456,6.514547245136638,-16.12885638390349,1,0,direct,1
0.75,0.0,0.1,0.3453633972971423,4.953916837329192,-0.4946744708698128,1,0,direct,1
0.75,0.0,0.3,0.3453633972971423,4.953916837329192,-0.4946744708698128,1,0,direct,1
0.75,0.0,0.5,0.3453633972971423,4.953916837329192,-0.4946744708698128,1,0,direct,1
0.75,0.0,1.0,0.3453633972971423,4.953916837329192,-0.4946744708698128,1,0,direct,1
0.75,0.0,1.5,0.3453633972971423,4.953916837329192,-0.4946744708698128,1,0,direct,1
0.75,0.0,2.0,0.3453633972971423,4.953916837329192,-0.4946744708698128,1,0,direct,1
0.75,0.0,5.0,0.3453633972971423,4.953916837329192,-0.4946744708698128,1,0,direct,1
0.75,0.05,0.1,0.3338135763982881,5.536762423510013,-0.5186242163262403,1,0,direct,1
0.75,0.05,0.3,0.3397310368155989,5.394126529308359,-0.523480435608987,1,0,direct,1
0.75,0.05,0.5,0.3416738777258747,5.333376344144316,-0.5293270511016668,1,0,direct,1
0.75,0.05,1.0,0.3429503431450986,5.3142003477037605,-0.5549093014616123,1,0,direct,1
0.75,0.05,1.5,0.34315649739915477,5.350536506986926,-0.5991922647519413,1,0,direct,1
0.75,0.05,2.0,0.34316609761285344,5.3930673586645765,-0.6632771350971624,1,0,direct,1
0.75,0.05,5.0,0.3429947030035352,5.525112779284486,-1.46293197827212,1,0,direct,1
0.75,0.1,0.1,0.32323923894833856,6.175467753651105,-0.5459728389668478,1,0,direct,1
0.75,0.1,0.3,0.3344441885573923,5.855704261232452,-0.5546968655691535,1,0,direct,1
0.75,0.1,0.5,0.3381715281273633,5.721813827058101,-0.5660490443975493,1,0,direct,1
0.75,0.1,1.0,0.3406652928247013,5.669459459287447,-0.6174664330057755,1,0,direct,1
0.75,0.1,1.5,0.3410918950019739,5.7289964200992705,-0.7068804227988204,1,0,direct,1
0.75,0.1,2.0,0.34114010865541095,5.79924648230915,-0.8360484712127989,1,0,direct,1
0.75,0.1,5.0,0.3409213083685022,6.000825227976493,-2.4391544227861774,1,0,direct,1
0.75,0.15,0.1,0.31356024804556176,6.871057188974198,-0.5766080983760777,1,0,direct,1
0.75,0.15,0.3,0.32947445686844906,6.337333466674674,-0.5881904825682883,1,0,direct,1
0.75,0.15,0.5,0.3348414541356006,6.118010150653977,-0.6046875955107021,1,0,direct,1
0.75,0.15,1.0,0.33848758076367175,6.01957414718442,-0.6820571558485837,1,0,direct,1
0.75,0.15,1.5,0.33914419041701993,6.091921807522022,-0.817167786939277,1,0,direct,1
0.75,0.15,2.0,0.33924960415298716,6.1799083073289145,-1.012023380266026,1,0,direct,1
0.75,0.15,5.0,0.3390443162601916,6.421350546303699,-3.4203279603933545,1,0,direct,1
0.75,0.2,0.1,0.30465292487172,7.624055626540408,-0.6104090528070946,1,0,direct,1
0.75,0.2,0.3,0.32478891015704575,6.83771765320499,-0.6238319415682575,1,0,direct,1
0.75,0.2,0.5,0.33167398773230117,6.520880245445344,-0.6451020945545639,1,0,direct,1
0.75,0.2,1.0,0.33641672257417243,6.36455783768173,-0.7484428313708279,1,0,direct,1
0.75,0.2,1.5,0.33730721993180207,6.441375675092911,-0.9296314640695466,1,0,direct,1
0.75,0.2,2.0,0.33748051088785097,6.540021829719067,-1.1905577970993975,1,0,direct,1
0.75,0.2,5.0,0.3373255173469901,6.804288989214655,-4.405002873005596,1,0,direct,1
0.75,0.3,0.1,0.2888312721727357,9.302936675699032,-0.6870125114633855,1,0,direct,1
0.75,0.3,0.3,0.31617769082888453,7.889723584646421,-0.7010719212013162,1,0,direct,1
0.75,0.3,0.5,0.3257701139472775,7.343046375082766,-0.7307571402749912,1,0,direct,1
0.75,0.3,1.0,0.33254323389141155,7.039544947847504,-0.8858358481168492,1,0,direct,1
0.75,0.3,1.5,0.3339009779382995,7.106149566818745,-1.1598693981153447,1,0,direct,1
0.75,0.3,2.0,0.3342292506732832,7.211743526142033,-1.5536061598965158,1,0,direct,1
0.75,0.3,5.0,0.33422847122612614,7.492584776306632,-6.3817798559095085,1,0,direct,1
0.75,0.4,0.1,0.2752112935823226,11.211100686877389,-0.774818020157203,1,0,direct,1
0.75,0.4,0.3,0.30844594657065155,9.002354024947707,-0.7855179827612025,1,0,direct,1
0.75,0.4,0.5,0.3203714522585505,8.182101306481293,-0.8221230363840709,1,0,direct,1
0.75,0.4,1.0,0.32899329427773194,7.69564615795254,-1.0284017590425827,1,0,direct,1
0.75,0.4,1.5,0.3307978909043234,7.733239920292131,-1.3957532778545862,1,0,direct,1
0.75,0.4,2.0,0.3312922106820102,7.833263291687094,-1.9227701344772021,1,0,direct,1
0.75,0.4,5.0,0.3314798816011473,8.108879773958902,-8.365591187032795,1,0,direct,1
0.75,0.5,0.1,0.2633524645637953,13.344796573687407,-0.872944582794691,1,0,direct,1
0.75,0.5,0.3,0.3014577818790674,10.167385977008058,-0.8763935520436151,1,0,direct,1
0.75,0.5,0.5,0.31541080851499526,9.03338981109806,-0.9184689942709474,1,0,direct,1
0.75,0.5,1.0,0.3257052979753617,8.334288895722223,-1.1752375292278774,1,0,direct,1
0.75,0.5,1.5,0.32794805453381265,8.329532644685294,-1.6360818074469272,1,0,direct,1
0.75,0.5,2.0,0.32861093208485037,8.416046048412351,-2.2965897075604156,1,0,direct,1
0.75,0.5,5.0,0.32899712917326807,8.67436836813777,-10.354439988779864,1,0,direct,1
0.75,0.8,0.1,0.23543921780822935,21.041441861077296,-1.2220731542545493,1,0,direct,1
0.75,0.8,0.3,0.2839383021345474,13.91142346323047,-1.181469784549961,1,0,direct,1
0.75,0.8,0.5,0.30263534393093006,11.629503951454495,-1.231898499533106,1,0,direct,1
0.75,0.8,1.0,0.3171083188505523,10.159256730130165,-1.6353542489598596,1,0,direct,1
0.75,0.8,1.5,0.32054257957891363,9.9778274933824,-2.3764837724360555,1,0,direct,1
0.75,0.8,2.0,0.32167933924188713,9.997731461885932,-3.4377326391703606,1,0,direct,1
0.75,0.8,5.0,0.3226487309236517,10.169511313871245,-16.341165217903114,1,0,direct,1
1.0,0.0,0.1,0.26405379847297644,9.505507879131597,-0.6379888503275755,1,0,direct,1
1.0,0.0,0.3,0.26405379847297644,9.505507879131597,-0.6379888503275755,1,0,direct,1
1.0,0.0,0.5,0.26405379847297644,9.505507879131597,-0.6379888503275755,1,0,direct,1
1.0,0.0,1.0,0.26405379847297644,9.505507879131597,-0.6379888503275755,1,0,direct,1
1.0,0.0,1.5,0.26405379847297644,9.505507879131597,-0.6379888503275755,1,0,direct,1
1.0,0.0,2.0,0.26405379847297644,9.505507879131597,-0.6379888503275755,1,0,direct,1
1.0,0.0,5.0,0.26405379847297644,9.505507879131597,-0.6379888503275755,1,0,direct,1
1.0,0.05,0.1,0.2578294478163976,10.499102929204163,-0.6795652085754484,1,0,direct,1
1.0,0.05,0.3,0.2614118596174759,10.201973925827794,-0.6810041595117869,1,0,direct,1
1.0,0.05,0.5,0.26243437955470333,10.073120405213695,-0.6852584155766821,1,0,direct,1
1.0,0.05,1.0,0.2630807482123258,9.994992588807325,-0.7105107453846943,1,0,direct,1
1.0,0.05,1.5,0.2632023375516924,10.013032847528539,-0.7560843561049447,1,0,direct,1
1.0,0.05,2.0,0.26322910129984817,10.045996239351524,-0.8216041882251817,1,0,direct,1
1.0,0.05,5.0,0.263211904981364,10.15588057332346,-1.62557011599965,1,0,direct,1
1.0,0.1,0.1,0.2520490762621898,11.55675533466584,-0.7239317699202062,1,0,direct,1
1.0,0.1,0.3,0.25889573180509345,10.913985816347632,-0.7257696614659054,1,0,direct,1
1.0,0.1,0.5,0.26087933214796727,10.641753117974238,-0.7338850391082585,1,0,direct,1
1.0,0.1,1.0,0.2621432465587684,10.470761763886397,-0.7843061891431531,1,0,direct,1
1.0,0.1,1.5,0.2623896215006178,10.494028704027853,-0.8757393482286402,1,0,direct,1
1.0,0.1,2.0,0.26244973508902264,10.546644541582259,-1.0071360233783309,1,0,direct,1
1.0,0.1,5.0,0.2624421864598089,10.716011479931806,-2.616391869666508,1,0,direct,1
1.0,0.15,0.1,0.24665099046143424,12.677761762268505,-0.7709737077489464,1,0,direct,1
1.0,0.15,0.3,0.25649141549690996,11.64014941738572,-0.7721812262377894,1,0,direct,1
1.0,0.15,0.5,0.25938132545464,11.210825538388727,-0.7837696026874605,1,0,direct,1
1.0,0.15,1.0,0.26124406343251877,10.934099277858794,-0.8592360210340863,1,0,direct,1
1.0,0.15,1.5,0.2616131538805208,10.952793326586274,-0.9967204486938064,1,0,direct,1
1.0,0.15,2.0,0.2617099114949933,11.016016019620231,-1.1942257271982337,1,0,direct,1
1.0,0.15,5.0,0.2617269027851237,11.218488308766494,-3.609485993206485,1,0,direct,1
1.0,0.2,0.1,0.24161048114118047,13.861317298268194,-0.8205839866058355,1,0,direct,1
1.0,0.2,0.3,0.25418600437454025,12.379215324002041,-0.8201440787550156,1,0,direct,1
1.0,0.2,0.5,0.25793180725283954,11.779860155376662,-0.8348241085704587,1,0,direct,1
1.0,0.2,1.0,0.26037762676494375,11.386125921290393,-0.9351848640307927,1,0,direct,1
1.0,0.2,1.5,0.2608722858718311,11.392556487381047,-1.1188486719708588,1,0,direct,1
1.0,0.2,2.0,0.2610090091859656,11.459938808595139,-1.3826180986763954,1,0,direct,1
1.0,0.2,5.0,0.2610595794763085,11.679636794911065,-4.604311975402758,1,0,direct,1
1.0,0.3,0.1,0.23244423873378023,16.41230521100289,-0.9271203935267135,1,0,direct,1
1.0,0.3,0.3,0.24986886182551216,13.891588521049753,-0.9203861900941969,1,0,direct,1
1.0,0.3,0.5,0.25519174922339044,12.916351033055774,-0.9401376506855899,1,0,direct,1
1.0,0.3,1.0,0.2587250392918541,12.259946373547418,-1.089766704112929,1,0,direct,1
1.0,0.3,1.5,0.259469285148291,12.224587894398182,-1.3660098876913667,1,0,direct,1
1.0,0.3,2.0,0.25969053488863825,12.287158127883805,-1.7625946475963046,1,0,direct,1
1.0,0.3,5.0,0.25982372267361276,12.513337607338647,-6.597886687737959,1,0,direct,1
1.0,0.4,0.1,0.22431617386632408,19.201870715593312,-1.0428355958358302,1,0,direct,1
1.0,0.4,0.3,0.2458870833286121,15.443350174828293,-1.0258929907927345,1,0,direct,1
1.0,0.4,0.5,0.2526256924516099,14.048970649118427,-1.0492915578073376,1,0,direct,1
1.0,0.4,1.0,0.25717522106123947,13.098477647036102,-1.2474354524084286,1,0,direct,1
1.0,0.4,1.5,0.2581563259217401,13.004791565993434,-1.6163843857673657,1,0,direct,1
1.0,0.4,2.0,0.25846469111146875,13.05111520203678,-2.145995924404117,1,0,direct,1
1.0,0.4,5.0,0.25869089451298893,13.262391159668633,-8.59540197972674,1,0,direct,1
1.0,0.5,0.1,0.21705787474017949,22.221662857522205,-1.1671290857018704,1,0,direct,1
1.0,0.5,0.3,0.2421979379833972,17.028219092291458,-1.1361603559691873,1,0,direct,1
1.0,0.5,0.5,0.25021157798298244,15.176247536544814,-1.1618527777878394,1,0,direct,1
1.0,0.5,1.0,0.255714786430549,13.906551290996168,-1.4077311454688426,1,0,direct,1
1.0,0.5,1.5,0.256929770133473,13.743067801101464,-1.869394258653341,1,0,direct,1
1.0,0.5,2.0,0.257321667735401,13.76593222257655,-2.5321299045730794,1,0,direct,1
1.0,0.5,5.0,0.2576419325827105,13.950362736975478,-10.595893794795014,1,0,direct,1
1.0,0.8,0.1,0.19923031372209088,32.57839051188814,-1.5866817792002097,1,0,direct,1
1.0,0.8,0.3,0.23256493603687037,21.93415403515857,-1.4915792297640955,1,0,direct,1
1.0,0.8,0.5,0.243767832960972,18.518142277260225,-1.5167039032494745,1,0,direct,1
1.0,0.8,1.0,0.25176192570766776,16.182576874685275,-1.9011915207022452,1,0,direct,1
1.0,0.8,1.5,0.25361964212209137,15.768500124642806,-2.640527353952281,1,0,direct,1
1.0,0.8,2.0,0.2542575318263913,15.697719176670923,-3.7027287049413204,1,0,direct,1
1.0,0.8,5.0,0.2548668675180341,15.76767751452772,-16.609981421424166,1,0,direct,1
