Xi,fb_core,eta,f_r,f_rho,eps,nodes,method,valid
0.7120224167,0.0663579408,1.4512829501,0.3583625072,4.9689330085,-0.6111835717,0,direct,1
0.7774331666,0.0432593052,4.0980125361,0.3325157927,5.8216887401,-1.0727562567,0,continuation,1
0.8026792936,0.6698557061,0.2687282217,0.2739797563,14.1166741319,-1.0980604581,0,continuation,1
0.6760423595,0.0822545886,0.1115210919,0.3571708804,4.8783829792,-0.5046604151,0,direct,1
0.5996481193,0.3636102960,4.1575057102,0.3952410484,5.7826420484,-5.3848257342,0,continuation,1
0.0080639073,0.4855503769,0.2148806328,0.6788318904,2.0077429430,-0.5689357952,0,direct,1
0.1477407927,0.7513609375,0.4415654606,0.5710856888,3.3284628763,-0.7732151345,0,direct,1
0.5073101763,0.6794203741,3.1645626217,0.4253849562,6.0569251285,-5.9127036181,0,continuation,1
0.5555173016,0.2868200611,0.1112803688,0.3593598621,5.5191113919,-0.5562321429,0,direct,1
0.0405900556,0.2973211794,2.3641433322,0.8310007469,1.7184361273,-1.7396195749,0,direct,1
0.9426690163,0.1389783849,1.5884604326,0.2766074334,9.5225667651,-0.9499884122,0,continuation,1
0.3582217393,0.5537296080,0.1337866231,0.3898221089,5.5596889522,-0.6167853463,0,direct,1
0.3547728304,0.1525620434,0.3318827635,0.5499502889,2.3837194184,-0.5019596569,0,direct,1
0.2665221854,0.0678469062,0.5323385057,0.6665861662,1.7192621486,-0.5182992889,0,direct,1
0.1774600418,0.0070921488,0.1623518027,0.7848514251,1.3404469570,-0.5425820654,0,direct,1
0.2287474314,0.0671791919,0.4416729706,0.7031269419,1.5965612452,-0.5259396491,0,direct,1
0.8475102612,0.1018880850,0.2007755156,0.2974069052,7.7001003589,-0.6082773817,0,direct,1
0.3573295742,0.7832892372,0.1141783225,0.3348618546,8.7832331312,-0.7785171263,0,continuation,1
0.4947061177,0.1013688640,0.1528360224,0.4494209499,3.1496831572,-0.4731038361,0,direct,1
0.8607472648,0.5359733155,0.8941263183,0.2894526803,10.8308481998,-1.2487933249,0,continuation,1
0.0034970845,0.7868150930,4.7819857177,0.7484615671,2.7353206473,-14.3424721448,0,continuation,1
0.0757203095,0.7758903895,2.7687376851,0.6964548887,2.9592273543,-5.1130110210,0,continuation,1
0.7184658540,0.4831173065,0.1209682528,0.2791025393,11.6280063958,-0.8241674902,0,continuation,1
0.0594178385,0.1149191829,4.4615227024,0.8712729365,1.4238387944,-2.2399225651,0,continuation,1
0.4308025025,0.6527394975,2.1505145746,0.4672510613,5.0334496057,-2.9556356207,0,continuation,1
0.6460826172,0.3064573055,3.8256778952,0.3763888096,6.0149538805,-4.0004254781,0,continuation,1
0.1397412464,0.6466528765,0.1894591442,0.5064576594,3.5875017465,-0.6009156302,0,direct,1
0.0175202926,0.1821062158,1.8120978002,0.8976319187,1.3631094357,-0.9849232331,0,direct,1
0.6838898239,0.5318022262,0.3040187868,0.3194119297,9.1102355840,-0.8493738756,0,continuation,1
0.8292696845,0.6782532846,1.4377481998,0.2984094898,10.8692961574,-2.0532566749,0,continuation,1
0.4012140933,0.0230432979,1.6305932849,0.5559255221,2.1681206065,-0.5100055379,0,direct,1
0.3179945267,0.0618741653,0.1859448036,0.6038625810,1.9261914214,-0.4861654027,0,direct,1
0.3100503706,0.7621251552,2.3701630594,0.5320590013,4.3773540354,-3.9195092064,0,continuation,1
0.3569008730,0.0833827507,0.1915528062,0.5599456983,2.1774100972,-0.4790975890,0,direct,1
0.9571192023,0.2546643791,0.1018494771,0.2452741391,13.8213814216,-0.8327046771,0,continuation,1
0.2119065314,0.2536848726,0.1679928691,0.5966468990,2.1558251744,-0.5061786420,0,direct,1
0.1633125702,0.0852878226,4.1797132275,0.7706823315,1.6055826800,-1.6114887945,0,continuation,1
0.8631585980,0.3867862401,3.8923831972,0.2948613478,10.0159873070,-5.2692297054,0,continuation,1
0.2436202708,0.6382148496,0.2208681421,0.4659635832,4.2960325566,-0.6411192640,0,direct,1
0.1007465631,0.2643185474,0.8894259261,0.7810561698,1.6308855494,-0.7002004596,0,direct,1
0.3419817526,0.5604578429,3.9648027342,0.5292346382,4.1315680851,-7.2934182529,0,continuation,1
0.8042665426,0.6781518014,0.6067291393,0.2963788050,11.2634819903,-1.2003408528,0,continuation,1
0.0838742200,0.0583911455,1.2181744486,0.8757781067,1.2336940248,-0.6337552802,0,direct,1
0.9383122776,0.4577318454,1.7242751201,0.2726496095,11.8999015215,-1.9488880030,0,continuation,1
0.6620002293,0.0440936594,0.5647456682,0.3813888188,4.1978940130,-0.4969266198,0,direct,1
0.7145380739,0.6652294395,2.2194956675,0.3371314493,8.7351626216,-3.3606635558,0,continuation,1
0.2826860980,0.3565009738,0.4354226509,0.5626377834,2.6908566758,-0.5886232025,0,direct,1
0.6515196973,0.1779566922,0.1483062628,0.3511759681,5.4965296140,-0.5452686401,0,direct,1
0.8434224864,0.4502909286,0.4195603269,0.2866557238,10.9056059774,-0.9311427909,0,continuation,1
0.2614149786,0.4545806230,0.1961179013,0.4936786887,3.3871630936,-0.5554219271,0,direct,1
0.3620265411,0.3490996294,0.6189883021,0.5227062618,3.0900905898,-0.6427103154,0,direct,1
0.4990804115,0.4776559923,1.8313642755,0.4402934142,4.9424290945,-1.8164193721,0,continuation,1
0.0876043860,0.5694597834,3.2040738618,0.7207956354,2.5896444578,-4.9555861234,0,continuation,1
0.5388887090,0.5328071766,4.0233281557,0.4167605351,5.8736871703,-7.2403249103,0,continuation,1
0.9482983723,0.7443265492,1.0944960261,0.2646751811,14.2291131453,-1.8558778302,0,continuation,1
0.7177898851,0.6849431501,2.3673808478,0.3355885111,8.9062306809,-3.8072443540,0,direct,1
0.4659467751,0.7691951661,3.9070026045,0.4420944101,5.9838231678,-9.7342838000,0,continuation,1
0.0514773936,0.5717105137,0.7650562420,0.7338469105,2.1007757889,-0.8472647227,0,direct,1
0.7712815492,0.0746328125,0.1601801453,0.3244164963,6.0841649378,-0.5442573030,0,direct,1
0.3083843773,0.2605442082,0.1008942330,0.4948596239,2.8360383101,-0.4844129061,0,direct,1
0.4547256394,0.0967085156,0.1541601763,0.4769141785,2.8268743110,-0.4703711255,0,direct,1
0.2440188464,0.6454439110,1.4810551082,0.5865425991,3.3889765574,-1.6690830544,0,continuation,1
0.5130196869,0.5347808145,2.1841439500,0.4297049439,5.4045462336,-2.5748531511,0,continuation,1
0.6383153809,0.2254558027,0.1737902014,0.3516115169,5.7338825987,-0.5686224056,0,direct,1
0.5100857401,0.1418141496,4.9192374226,0.4589520720,3.6934470961,-3.0709960819,0,continuation,1
0.7744487297,0.4435903776,0.7147983400,0.3159558072,8.5909008235,-0.9582805449,0,continuation,1
0.5670888865,0.3337311309,1.2574618476,0.4120044863,4.8395884594,-0.9708323332,0,continuation,1
0.8424864014,0.0272042002,3.7017609769,0.3096379253,6.6576709778,-0.8308100172,0,continuation,1
0.1365231553,0.3040539134,0.5609228652,0.7167285204,1.8204136486,-0.6180566234,0,direct,1
0.9459929333,0.7983889552,0.3030478856,0.2426080907,19.8534103846,-1.4170039459,0,continuation,1
0.2181169647,0.0507023472,1.4839010109,0.7273711389,1.5583498689,-0.5915895793,0,direct,1
0.0792104193,0.5816436794,1.9530079852,0.7277442767,2.4393506575,-2.2091196599,0,continuation,1
0.9117873811,0.0470170332,1.1050584137,0.2871346834,8.0130040516,-0.6479531993,0,continuation,1
0.4162426273,0.7707197557,0.1397275025,0.3329407328,9.1455993027,-0.8191978402,0,continuation,1
0.6446307122,0.2450940966,0.2995157193,0.3601747409,5.6420926823,-0.5972809337,0,direct,1
0.7047679685,0.2637646518,0.1672837449,0.3206340892,7.2902862939,-0.6311035108,0,direct,1
0.6848876617,0.4882444607,3.4013570198,0.3535057948,7.5058766857,-5.0284810025,0,continuation,1
0.7741707721,0.4141138256,0.1180311299,0.2725385338,11.7903276182,-0.8105650211,0,continuation,1
0.2803230342,0.7582802600,1.0525879203,0.5413648264,3.9213877067,-1.3207293252,0,continuation,1
0.5013233849,0.5836110401,0.4994340157,0.4054115381,5.7120072279,-0.8216461800,0,continuation,1
0.6613473776,0.0631197584,0.9278205876,0.3814188069,4.3047670242,-0.5325264238,0,direct,1
0.6531196136,0.3779519830,3.6210326585,0.3704033157,6.4921560041,-4.4056642430,0,continuation,1
0.0507366252,0.2401389706,0.1217246566,0.7391138451,1.5470029268,-0.5374200992,0,direct,1
0.5747438016,0.6209882416,0.1731175784,0.3178720721,9.5661506169,-0.8233980244,0,continuation,1
0.9745229959,0.2228223581,0.2441344246,0.2566495778,12.3200489032,-0.8165170283,0,continuation,1
0.7084596042,0.5362802547,3.7573000571,0.3430889335,8.1383601287,-6.5551824912,0,continuation,1
0.9012887901,0.4832591870,1.4855336343,0.2817174603,11.1995602089,-1.7117588544,0,continuation,1
0.6321765118,0.1175261360,0.1162326339,0.3681785235,4.6865848919,-0.5049958765,0,direct,1
0.9339941963,0.3032200812,2.2885073419,0.2763030249,10.7715048919,-1.9979282670,0,continuation,1
0.0507487509,0.2827329951,0.3498972722,0.7814533003,1.5424177023,-0.5901150824,0,direct,1
0.7171580769,0.4561590148,0.1286005684,0.2846657872,10.9421681432,-0.7973839267,0,continuation,1
0.7731867104,0.7390782635,0.6193271383,0.3037248976,11.0135419597,-1.2470665073,0,continuation,1
0.5004076514,0.0192784409,0.9789355824,0.4797015843,2.6908804635,-0.4720086235,0,direct,1
0.5977118710,0.3704963927,1.5366750011,0.3954523084,5.4392323490,-1.2613871969,0,continuation,1
0.1292243089,0.3719091928,1.3466408579,0.7287438695,2.0381082339,-1.0223535839,0,direct,1
0.4267285093,0.6869310578,1.6091567562,0.4658761980,5.0167775849,-2.0380274406,0,continuation,1
0.0570257164,0.1403766914,0.2237820269,0.8320981970,1.3116983851,-0.5742476891,0,direct,1
0.8076594737,0.0347489235,1.2521763463,0.3215914481,6.0579352270,-0.5764894826,0,direct,1
0.0463149777,0.5444394455,0.1521736489,0.5826810786,2.5496354697,-0.5434223701,0,direct,1
0.1673494343,0.3062996412,1.0707765032,0.7070276686,1.9747507179,-0.7828150311,0,direct,1
0.3094854250,0.2038555690,0.1312292061,0.5310133665,2.4908677806,-0.4847679371,0,direct,1
0.4206201223,0.0452728403,1.3487789497,0.5361723574,2.3461275894,-0.5238880033,0,direct,1
0.0384680914,0.3238039902,4.4931644205,0.8188762135,1.8880794980,-5.4415297248,0,continuation,1
0.6821795428,0.5320956508,0.3371044519,0.3237536245,8.8311692934,-0.8537200745,0,continuation,1
0.3154429125,0.4494290209,0.2044669940,0.4663142400,3.7826744260,-0.5676589027,0,direct,1
0.8216535162,0.4744940690,4.0423308527,0.3058412442,9.7650437552,-6.7490861172,0,continuation,1
0.3449856906,0.1835783027,0.3598197102,0.5511791728,2.4370957880,-0.5137787217,0,direct,1
0.6593804113,0.7117242188,4.6261760914,0.3570517334,8.2621998230,-12.5264241178,0,continuation,1
0.0809191960,0.7565348178,0.1690082494,0.4946505983,3.9138587112,-0.6226474060,0,direct,1
0.9402752767,0.3807118989,0.1258129653,0.2414927618,15.8534982633,-0.9470896012,0,continuation,1
0.2295096201,0.1339794404,0.1246344185,0.6355301218,1.8348319574,-0.4978604848,0,direct,1
0.8872283439,0.5565949926,2.4788829688,0.2851175195,11.4672988886,-3.5462527419,0,continuation,1
0.1617215914,0.6067520614,0.4667517885,0.5984057954,2.8478675715,-0.7079692630,0,direct,1
0.8195244713,0.1554071950,0.3827879804,0.3077790030,7.4559122312,-0.6397318743,0,direct,1
0.2156221955,0.1049281427,0.5388242094,0.7056456479,1.6362370144,-0.5420253842,0,direct,1
0.4103985743,0.6947250512,1.1969000518,0.4710344465,4.8195718447,-1.4528998090,0,continuation,1
0.6566712611,0.0576002100,3.2566021658,0.3842592903,4.4003156440,-0.9394052668,0,continuation,1
0.9092363911,0.7664062602,0.2043570625,0.2379561524,20.9651956236,-1.3487779099,0,continuation,1
0.2571291389,0.2419636784,0.2295165224,0.5816579779,2.2741482252,-0.5123909998,0,direct,1
0.8415491608,0.3539873052,0.4610192404,0.2929228718,9.7040835577,-0.8426905159,0,continuation,1
0.2233320335,0.3324546419,1.4685932731,0.6524747229,2.3590003092,-1.0352076226,0,continuation,1
0.4432442956,0.2512350670,0.9634615443,0.4901175402,3.2782984832,-0.6853332055,0,direct,1
0.6489313047,0.6782758358,2.0026001858,0.3612996915,7.7394688653,-2.8919657918,0,continuation,1
0.3494771241,0.2819954357,0.1745623426,0.4853410996,3.1056188735,-0.5080592803,0,direct,1
0.7464684663,0.2148917805,0.1971707937,0.3167771123,7.2722447464,-0.6248761584,0,direct,1
0.8813792001,0.7091088939,0.5083449986,0.2719140928,13.9556970138,-1.2718947420,0,continuation,1
0.0138968694,0.1904300039,0.2795434155,0.8574513105,1.2939016228,-0.5951213647,0,direct,1
0.8807932237,0.6780247112,0.1337992238,0.2329646231,20.8675431457,-1.2249364328,0,continuation,1
0.1217509025,0.0831409138,0.1275403038,0.7857127258,1.3674753790,-0.5464647357,0,direct,1
0.4060911535,0.4356452439,1.6121951685,0.4987383373,3.8799117985,-1.4049951521,0,direct,1
0.0689798529,0.5613604122,0.2664850205,0.6217498329,2.4641459655,-0.5987848604,0,direct,1
0.3159094719,0.2760835055,2.1307086694,0.5837912491,2.7792025112,-1.4122315090,0,continuation,1
0.1458837062,0.0596433142,0.9089145472,0.8038454091,1.3613753338,-0.5825735898,0,direct,1
0.1717093217,0.0750406227,0.4686560617,0.7620272374,1.4486309886,-0.5496048770,0,direct,1
0.2720920393,0.4517720781,1.2625313061,0.5905591903,2.9254651316,-1.0809188566,0,continuation,1
0.2305055049,0.3883850875,0.1302861923,0.5062851602,2.9729351175,-0.5113389588,0,direct,1
0.8326654624,0.3622455751,3.7323773126,0.3046166012,9.2535590963,-4.6005424660,0,continuation,1
0.7758330122,0.7714187239,0.4135631933,0.2907749667,12.6929200489,-1.1971475092,0,continuation,1
0.3559313648,0.3559531947,0.6143066248,0.5255626685,3.0761078218,-0.6448238642,0,direct,1
0.5753239644,0.6371228050,0.2702087848,0.3401498531,8.4792992346,-0.8491279664,0,continuation,1
0.3799554772,0.1527539900,0.5409207999,0.5424635056,2.4768143462,-0.5238482523,0,direct,1
0.4368865955,0.6056922677,0.6869735153,0.4487029198,4.8197887018,-0.9002990051,0,continuation,1
0.9180938477,0.4734211299,4.3159959979,0.2781670249,11.7676674494,-7.6586689360,0,continuation,1
0.5638139326,0.5949387405,0.2549241777,0.3451843974,7.9757363178,-0.8014729872,0,continuation,1
0.6267403954,0.1474812477,1.1089344689,0.3932791821,4.4470568629,-0.6491972512,0,direct,1
0.8825759437,0.5164329212,0.7262576572,0.2820523121,11.4113844438,-1.1449968243,0,continuation,1
0.5956808460,0.1255443922,2.8326812351,0.4111329949,4.2447555013,-1.2396531252,0,continuation,1
0.6544281275,0.4708154198,0.5067764632,0.3505405020,7.0930262942,-0.8210639375,0,direct,1
0.9770029289,0.0923681132,1.9496952767,0.2683825662,9.9195513017,-0.9456384235,0,continuation,1
0.0028685328,0.6120489318,0.9932662733,0.7782426494,2.0193466359,-1.0497573169,0,continuation,1
